regulon,tf_name,mean_RI,is_ad_regulon,stability_class
FOSL1_+,FOSL1,0.0001459026131159,False,destabilizer
MITF_+,MITF,0.0016026815705934,False,intermediate
ATF3_+,ATF3,0.0014840740450669,False,intermediate
KLF8_+,KLF8,0.0006189283141346,False,destabilizer
MXD1_+,MXD1,0.0022543866811867,False,stabilizer
MYBL1_+,MYBL1,0.0017034093365237,False,intermediate
ELK4_+,ELK4,0.0014505972343194,False,intermediate
POU4F1_+,POU4F1,0.0015398545238583,False,intermediate
SMAD3_+,SMAD3,0.0020463268946598,False,intermediate
E2F5_+,E2F5,0.0005881471754936,False,destabilizer
ELF1_+,ELF1,0.0018942317550212,False,intermediate
TCF3_+,TCF3,0.0009328809854481,False,intermediate
ZEB1_+,ZEB1,0.0052449204733085,False,stabilizer
STAT6_+,STAT6,0.0014112142995845,False,intermediate
SOX13_+,SOX13,0.0016424245208228,False,intermediate
E2F2_+,E2F2,0.0006710201004842,False,destabilizer
SMAD4_+,SMAD4,0.001556661520768,False,intermediate
RUNX1_+,RUNX1,0.0015898310590087,False,intermediate
RUNX2_+,RUNX2,0.0008325382569401,False,destabilizer
AHR_+,AHR,0.0013346503722171,False,intermediate
NR1D2_+,NR1D2,0.0023222972206512,False,stabilizer
ZBTB4_+,ZBTB4,0.0018628419768315,False,intermediate
NR4A1_+,NR4A1,0.0017336055686029,False,intermediate
ERG_+,ERG,5.116451034945802e-05,False,destabilizer
PHF20_+,PHF20,0.0023584524866375,False,stabilizer
IKZF1_+,IKZF1,0.0018823458988977,False,intermediate
KLF9_+,KLF9,0.005693042811916,False,stabilizer
ZBTB10_+,ZBTB10,0.0012149641694868,True,intermediate
SREBF2_+,SREBF2,0.0014285837133687,False,intermediate
TGIF1_+,TGIF1,0.0023806451181715,False,stabilizer
MYC_+,MYC,0.0029148687690159,False,stabilizer
HIF1A_+,HIF1A,0.0027244474992752,False,stabilizer
MXI1_+,MXI1,0.002163203582526,False,intermediate
ARID5B_+,ARID5B,0.0014771209231436,False,intermediate
PHF1_+,PHF1,0.004848008270943,False,stabilizer
PRDM4_+,PRDM4,0.0006569379391862,False,destabilizer
ETV6_+,ETV6,0.0012330509666991,False,intermediate
CEBPA_+,CEBPA,0.0013762343876398,False,intermediate
HES6_+,HES6,0.0010354294540865,False,intermediate
MAZ_+,MAZ,0.0023882398366828,False,stabilizer
TCF4_+,TCF4,0.000649645340724,False,destabilizer
GFI1_+,GFI1,0.0018671856562032,False,intermediate
ZNF783_+,ZNF783,0.0025250643573973,False,stabilizer
ATF4_+,ATF4,0.0027606568064189,False,stabilizer
VENTX_+,VENTX,0.0015958271661109,False,intermediate
BBX_+,BBX,0.0023243177106847,False,stabilizer
SP4_+,SP4,0.0016944377057161,False,intermediate
IRF5_+,IRF5,0.0018048420093825,False,intermediate
IRF7_+,IRF7,0.0012400760596429,False,intermediate
BATF_+,BATF,0.003164480461777,False,stabilizer
ETS1_+,ETS1,0.0023095079005006,True,stabilizer
FOS_+,FOS,0.0020548200272558,False,intermediate
FOXP3_+,FOXP3,0.0001503625534034,False,destabilizer
PAX5_+,PAX5,0.000789988422175,False,destabilizer
ESRRA_+,ESRRA,0.0016625186347943,False,intermediate
FOXM1_+,FOXM1,0.0003330184327605,False,destabilizer
GATA3_+,GATA3,0.0014916536833922,False,intermediate
BCL11B_+,BCL11B,0.002635537319391,False,stabilizer
LEF1_+,LEF1,0.0004612808418765,False,destabilizer
ZNF770_+,ZNF770,0.000920411933039,False,destabilizer
JUNB_+,JUNB,0.0056610822497949,False,stabilizer
E2F8_+,E2F8,0.0004892388730705,False,destabilizer
BHLHE41_+,BHLHE41,0.0008604876551693,False,destabilizer
BCL6_+,BCL6,0.0006184187271841,False,destabilizer
BHLHE40_+,BHLHE40,0.0021166125106185,False,intermediate
EGR1_+,EGR1,0.005736713895293,False,stabilizer
IRF8_+,IRF8,0.0008798657454362,False,destabilizer
KLF2_+,KLF2,0.0031043459493656,False,stabilizer
IKZF2_+,IKZF2,0.000545236981938,False,destabilizer
ZNF33A_+,ZNF33A,0.0020999867145988,False,intermediate
POU2AF1_+,POU2AF1,0.0006059501741553,False,destabilizer
ZNF367_+,ZNF367,0.0003505200674057,False,destabilizer
BACH2_+,BACH2,0.0007588188754103,False,destabilizer
REL_+,REL,0.0018740092262723,False,intermediate
ZBTB7A_+,ZBTB7A,0.0020381406530685,False,intermediate
JDP2_+,JDP2,0.0011959486098259,False,intermediate
STAT1_+,STAT1,0.0020999195803288,False,intermediate
MEF2C_+,MEF2C,0.0008179704953067,False,destabilizer
ZBTB18_+,ZBTB18,0.0012764215547092,False,intermediate
MAX_+,MAX,0.0022609309577108,False,stabilizer
ZBED5_+,ZBED5,0.001493429050689,False,intermediate
FOSB_+,FOSB,0.0041162728801097,False,stabilizer
PATZ1_+,PATZ1,0.0055266573595747,False,stabilizer
TFEB_+,TFEB,0.0018763918691358,False,intermediate
HOXA6_+,HOXA6,7.117623755450489e-05,False,destabilizer
BNC2_+,BNC2,0.0011043034894926,False,intermediate
HOXA9_+,HOXA9,1.762831773089649e-05,False,destabilizer
TFDP2_+,TFDP2,0.0011738243395673,False,intermediate
PLAGL2_+,PLAGL2,0.0011742672712849,False,intermediate
KLF3_+,KLF3,0.0027340698249628,False,stabilizer
MAFG_+,MAFG,0.0012090246771734,False,intermediate
ZEB2_+,ZEB2,0.0026623396444033,False,stabilizer
JUND_+,JUND,0.0031952113085924,False,stabilizer
RUNX3_+,RUNX3,0.0018742714079534,False,intermediate
IKZF3_+,IKZF3,0.0015181749410729,False,intermediate
NFATC1_+,NFATC1,0.0015371569789524,False,intermediate
GATA2_+,GATA2,3.639277341027384e-05,False,destabilizer
ZBTB1_+,ZBTB1,0.00134202268517,False,intermediate
RELB_+,RELB,0.0027839420417892,False,stabilizer
TAL1_+,TAL1,5.461986453682796e-05,False,destabilizer
FOXO1_+,FOXO1,0.0013492313885424,False,intermediate
XBP1_+,XBP1,0.0022619814471939,False,stabilizer
STAT2_+,STAT2,0.0015612762199084,False,intermediate
ZNF467_+,ZNF467,0.001130314924768,False,intermediate
KLF6_+,KLF6,0.0029310896948666,False,stabilizer
KLF4_+,KLF4,0.0014236118655351,False,intermediate
FOSL2_+,FOSL2,0.0021135209095868,False,intermediate
SPIB_+,SPIB,0.0007779591750372,False,destabilizer
LYL1_+,LYL1,0.0013394547347842,False,intermediate
POU2F2_+,POU2F2,0.0013524758062761,False,intermediate
PLAGL1_+,PLAGL1,0.0007699458240835,False,destabilizer
HSF1_+,HSF1,0.0063219758744454,False,stabilizer
CUX1_+,CUX1,0.0015562011311002,False,intermediate
MAFF_+,MAFF,0.0022190492860138,False,intermediate
RORA_+,RORA,0.0019416062116272,False,intermediate
STAT4_+,STAT4,0.0025427764995455,False,stabilizer
ARNTL_+,ARNTL,0.0027015701196101,False,stabilizer
ZBTB8A_+,ZBTB8A,3.380620205862784e-05,False,destabilizer
CREM_+,CREM,0.0023644835263051,False,stabilizer
NR2C1_+,NR2C1,0.0024004705267364,False,stabilizer
E2F3_+,E2F3,0.0011372720818742,False,intermediate
EOMES_+,EOMES,0.0017985444049329,False,intermediate
TBX21_+,TBX21,0.0014768548584082,False,intermediate
SCX_+,SCX,0.000281543522349,False,destabilizer
NFIL3_+,NFIL3,0.0026766855011505,False,stabilizer
ZBTB20_+,ZBTB20,0.0021250941653675,False,intermediate
KLF7_+,KLF7,0.0013475901797717,False,intermediate
ASCL2_+,ASCL2,0.0029521035708377,False,stabilizer
FOXJ3_+,FOXJ3,0.001799048596669,False,intermediate
ZNF101_+,ZNF101,0.0042862241072661,False,stabilizer
ZNF639_+,ZNF639,0.002922322667481,False,stabilizer
HIVEP2_+,HIVEP2,0.003525985871639,False,stabilizer
MYCN_+,MYCN,5.421002510095299e-05,False,destabilizer
CREB5_+,CREB5,0.0010172762726587,False,intermediate
ETV7_+,ETV7,0.0002914849962999,False,destabilizer
MBD2_+,MBD2,0.0025259278609824,False,stabilizer
MEF2A_+,MEF2A,0.0015348570953992,False,intermediate
BATF3_+,BATF3,0.0016761394120503,False,intermediate
MYBL2_+,MYBL2,0.0008670973482435,False,destabilizer
PBX1_+,PBX1,5.141489936096463e-05,False,destabilizer
KLF11_+,KLF11,0.0021833990857479,False,intermediate
NFATC2_+,NFATC2,0.0020661586369232,False,intermediate
ZFY_+,ZFY,0.0010961207238828,False,intermediate
NCOA3_+,NCOA3,0.0011500682570737,False,intermediate
ZBTB40_+,ZBTB40,0.0016413758574088,False,intermediate
ZSCAN18_+,ZSCAN18,0.0006797833993278,False,destabilizer
IRF1_+,IRF1,0.0019971232320873,True,intermediate
NFATC3_+,NFATC3,0.0018204914819808,False,intermediate
SMAD1_+,SMAD1,0.0008001066872032,False,destabilizer
NFKB2_+,NFKB2,0.001549371994131,False,intermediate
GATA1_+,GATA1,3.554658570050101e-05,False,destabilizer
KLF10_+,KLF10,0.0017544698876382,False,intermediate
RXRA_+,RXRA,0.0014601436044148,False,intermediate
ETS2_+,ETS2,0.0013422893236495,False,intermediate
FOXP1_+,FOXP1,0.0027978348648294,False,stabilizer
E2F7_+,E2F7,0.0003181117712851,False,destabilizer
TFEC_+,TFEC,0.0007978591605662,False,destabilizer
ZNF107_+,ZNF107,0.0008791005035944,False,destabilizer
SP100_+,SP100,0.0030921154262271,False,stabilizer
ZNF697_+,ZNF697,0.0003878633758932,False,destabilizer
HMGA1_+,HMGA1,0.0028624059504926,False,stabilizer
PRDM1_+,PRDM1,0.0021022136734091,False,intermediate
ARID3A_+,ARID3A,0.0012656835883466,False,intermediate
EBF4_+,EBF4,0.000518071069607,False,destabilizer
ATF5_+,ATF5,0.0015849899434009,False,intermediate
TCF7_+,TCF7,0.0027618552188645,False,stabilizer
BCL11A_+,BCL11A,0.0009660985622704,False,intermediate
NFIC_+,NFIC,0.0028586834832165,False,stabilizer
NR1D1_+,NR1D1,0.0007503704870923,False,destabilizer
JUN_+,JUN,0.0056322638225152,False,stabilizer
RORC_+,RORC,0.0002626238398261,False,destabilizer
CREB1_+,CREB1,0.0010895560297831,False,intermediate
BPTF_+,BPTF,0.0020514468624116,False,intermediate
PLAG1_+,PLAG1,0.0001782404029318,False,destabilizer
ZBTB25_+,ZBTB25,0.0035910335154758,False,stabilizer
HES1_+,HES1,0.0005946583288402,False,destabilizer
EGR3_+,EGR3,0.0003945763738337,False,destabilizer
KLF12_+,KLF12,0.0018059629632226,False,intermediate
RFX5_+,RFX5,0.0010306223882445,False,intermediate
HLX_+,HLX,0.0009549803334768,False,intermediate
SPI1_+,SPI1,0.0013878861839833,False,intermediate
THRA_+,THRA,0.0030089730665231,False,stabilizer
VDR_+,VDR,0.0014642516158853,False,intermediate
CEBPD_+,CEBPD,0.0014253230313741,False,intermediate
TCF7L2_+,TCF7L2,0.0009879525760907,False,intermediate
RARA_+,RARA,0.0019667533090863,False,intermediate
MAF_+,MAF,0.0023415376304791,False,stabilizer
CEBPB_+,CEBPB,0.0016697131663978,False,intermediate
BACH1_+,BACH1,0.0014541065581958,False,intermediate
EHF_+,EHF,0.0004468637467415,False,destabilizer
MAFB_+,MAFB,0.0012244850402526,False,intermediate
SOX4_+,SOX4,0.0006275988431841,False,destabilizer
ZNF224_+,ZNF224,0.0020571479531291,False,intermediate
PBX4_+,PBX4,0.0019911393942379,False,intermediate
SATB1_+,SATB1,0.0041042604695562,False,stabilizer
STAT5B_+,STAT5B,0.0030555709398201,False,stabilizer
TCF7L1_+,TCF7L1,6.325746504151327e-05,False,destabilizer
ELK3_+,ELK3,0.0011006923762229,False,intermediate
ZNF274_+,ZNF274,0.0015786215044772,False,intermediate
EBF1_+,EBF1,0.0008032339638296,False,destabilizer
ZNF91_+,ZNF91,0.002437562393457,False,stabilizer
NFE2_+,NFE2,0.0010487410907156,False,intermediate
ZBTB16_+,ZBTB16,0.0012280270014127,False,intermediate
